acc_X	acc_Y	acc_Z	digit
239	512	6017	0
224	341	6004	0
164	320	5834	0
54	266	5561	0
-66	155	5189	0
-182	-73	4942	0
-258	-387	4924	0
-318	-534	4796	0
-368	-534	4532	0
-380	-508	4384	0
-402	-488	4288	0
-432	-539	4122	0
-476	-636	3979	0
-524	-760	3813	0
-590	-841	3542	0
-617	-833	3374	0
-614	-804	3390	0
-614	-737	3381	0
-634	-634	3373	0
-647	-601	3378	0
-683	-555	3241	0
-752	-498	3000	0
-811	-556	2878	0
-836	-628	2846	0
-879	-583	2704	0
-919	-570	2511	0
-955	-698	2432	0
-966	-767	2373	0
-928	-480	2240	0
-930	-342	2154	0
-932	-324	2109	0
-905	-169	2093	0
-857	72	2112	0
-813	431	2146	0
-784	751	2133	0
-810	516	2039	0
-823	346	2039	0
-805	496	2059	0
-800	733	1982	0
-743	1100	1991	0
-590	1628	2203	0
-427	1963	2628	0
-351	2126	2870	0
-338	2139	2880	0
-374	2099	2752	0
-266	2380	2672	0
-182	2359	2796	0
-133	2197	3037	0
-55	2154	3317	0
30	2296	3399	0
84	2325	3376	0
168	2220	3561	0
307	2283	3771	0
513	2436	4069	0
683	2452	4496	0
745	2440	4702	0
781	2464	4596	0
968	3033	4731	0
983	2885	5063	0
1045	2718	5217	0
1060	2618	5610	0
1004	2635	5749	0
897	2689	5512	0
862	2594	5441	0
922	2460	5724	0
1014	2294	6048	0
1033	1969	6112	0
1050	1596	6186	0
1105	1305	6339	0
1090	1216	6210	0
987	969	5863	0
933	657	5697	0
852	695	5288	0
742	528	4940	0
695	88	5077	0
678	-132	5176	0
695	-112	5151	0
589	240	4713	0
506	328	4385	0
408	295	4058	0
283	164	3778	0
227	37	3720	0
180	-91	3732	0
161	-260	3761	0
149	-188	3714	0
318	894	3769	0
209	450	3475	0
21	-355	3158	0
-62	-722	3315	0
-21	-738	3629	0
30	-360	3661	0
81	319	3542	0
56	403	3441	0
54	317	3621	0
41	352	3749	0
12	386	3717	0
6	540	3627	0
-38	670	3469	0
-128	605	3360	0
-107	599	3456	0
-60	635	3709	0
-53	514	3915	0
-56	415	3924	0
-53	529	3883	0
-39	713	3912	0
-51	803	3929	0
-82	700	3930	0
-119	448	4020	0
-150	233	4043	0
-189	236	3955	0
-197	501	3874	0
-155	764	3821	0
-156	695	3851	0
-158	548	4052	0
-157	400	4153	0
-160	493	4101	0
-188	645	3987	0
-202	765	3905	0
-184	815	3963	0
-203	648	4014	0
-219	446	4047	0
-162	690	4079	0
-158	787	4027	0
-162	807	4023	0
-136	792	4142	0
-110	788	4223	0
-132	774	4133	0
-163	682	4028	0
-164	588	4086	0
-158	522	4172	0
-148	606	4106	0
-140	732	4021	0
-139	776	4001	0
-170	765	3989	0
-202	682	3930	0
-226	587	3931	0
-225	538	3961	0
-188	616	3973	0
-119	761	4077	0
-68	790	4141	0
-64	719	4107	0
-50	680	4183	0
-44	622	4325	0
-70	577	4295	0
-122	595	4084	0
-171	628	3988	0
-216	583	3983	0
-256	568	3936	0
-282	603	3876	0
-242	699	3898	0
-197	868	4011	0
-148	974	4076	0
-158	902	4040	0
-168	731	4033	0
-124	625	4220	0
-93	658	4267	0
-68	736	4263	0
-70	761	4231	0
-114	765	4103	0
-183	762	3824	0
-217	711	3716	0
-189	659	3870	0
-161	604	4015	0
-147	610	4100	0
-129	635	4152	0
-103	634	4228	0
-77	700	4195	0
-77	800	4142	0
-88	817	4138	0
-131	758	4029	0
-156	709	3964	0
-159	672	4017	0
-171	659	4030	0
-165	690	3966	0
-153	707	3942	0
-127	709	4035	0
-90	729	4165	0
-80	721	4152	0
-91	681	4122	0
-119	674	4098	0
-153	694	4006	0
-165	717	3969	0
-174	694	3983	0
-171	672	3978	0
-152	744	4008	0
-143	796	4022	0
-151	809	3955	0
-122	797	4080	0
-91	781	4181	0
-83	767	4206	0
-85	793	4206	0
-120	782	4074	0
-157	717	3941	0
-174	682	3940	0
-153	662	4051	0
-129	650	4145	0
-131	648	4111	0
-125	659	4057	0
-123	679	4065	0
-128	693	4074	0
250	804	5613	0
154	617	5368	0
50	388	5133	0
-109	-3	4859	0
-164	11	4666	0
-201	101	4398	0
-249	100	4159	0
-277	-107	4121	0
-222	-212	4271	0
-144	-78	4394	0
-124	20	4298	0
-201	-83	4027	0
-283	-188	3779	0
-375	-36	3209	0
-405	-150	3323	0
-445	-262	3335	0
-469	-201	3197	0
-509	-78	3041	0
-573	-24	2816	0
-658	-98	2547	0
-702	-226	2438	0
-706	-244	2427	0
-706	-131	2341	0
-707	88	2239	0
-692	346	2157	0
-690	455	2220	0
-696	461	2249	0
-703	566	2090	0
-713	710	1931	0
-727	675	1822	0
-730	528	1810	0
-688	342	1996	0
-652	196	2137	0
-633	241	2137	0
-572	581	2162	0
-437	1230	2351	0
-244	1961	2643	0
-121	2326	2957	0
-105	2272	3153	0
-128	2121	3159	0
-176	1956	3164	0
-178	1960	3180	0
-107	2233	3176	0
2	2516	3272	0
91	2536	3440	0
116	2283	3650	0
144	2006	3836	0
200	1843	3936	0
292	1842	4039	0
355	1824	4167	0
443	1727	4104	0
556	2014	3796	0
794	2541	4172	0
853	2349	4544	0
878	2069	4514	0
899	1922	4710	0
855	1691	4800	0
815	1596	4563	0
804	1782	4305	0
870	2047	4315	0
959	2171	4441	0
951	2007	4502	0
922	1750	4622	0
920	1734	4609	0
942	1849	4549	0
961	1871	4581	0
965	1924	4592	0
953	1978	4470	0
908	1925	4286	0
901	1831	4264	0
969	1854	4442	0
1066	1841	4733	0
1091	1755	4852	0
1111	1756	4847	0
1148	1813	4801	0
1167	1966	4725	0
1136	2021	4578	0
1115	1937	4550	0
1133	1801	4615	0
1146	1631	4758	0
1157	1428	4958	0
1108	1363	4808	0
1063	1336	4453	0
1078	1440	4477	0
1077	1493	4543	0
1049	1391	4454	0
1081	1329	4630	0
1119	1287	4808	0
1045	1236	4619	0
983	1101	4406	0
1006	884	4581	0
1015	620	4894	0
998	668	4816	0
981	961	4514	0
982	1016	4427	0
939	792	4434	0
880	801	4234	0
915	1040	4244	0
747	345	3984	0
653	-4	3913	0
641	-94	4116	0
577	-320	4182	0
546	-170	4068	0
521	183	3880	0
446	453	3645	0
396	547	3468	0
389	857	3533	0
288	553	3542	0
175	88	3530	0
122	426	3357	0
122	825	3226	0
43	666	3281	0
1	592	3318	0
-5	750	3333	0
-9	800	3304	0
-5	866	3356	0
-42	876	3383	0
-111	722	3282	0
-111	722	3282	0
-182	623	3264	0
-201	690	3310	0
-219	742	3357	0
-214	813	3465	0
-230	738	3531	0
-262	549	3546	0
-264	572	3484	0
-238	657	3577	0
-191	697	3771	0
-157	716	3951	0
-151	823	3985	0
-252	1092	3573	0
-301	949	3556	0
-312	821	3682	0
-275	953	3740	0
-220	1171	3806	0
-182	1301	3893	0
-164	1245	3884	0
-164	1245	3884	0
-136	915	4152	0
-106	994	4182	0
-101	1070	4109	0
-112	1024	4076	0
-113	968	4026	0
-123	942	3968	0
-146	860	3872	0
-190	822	3849	0
-145	887	3989	0
-76	1025	4077	0
-58	1005	4119	0
-83	817	4157	0
-123	687	4097	0
-78	715	4112	0
-29	863	4255	0
-66	851	4203	0
-112	868	4130	0
-129	886	4009	0
-129	937	3958	0
-150	904	4001	0
-158	947	3928	0
-158	1103	3884	0
-165	981	3891	0
-148	857	4053	0
-137	866	4148	0
-98	994	4135	0
-67	1079	4126	0
-73	1001	4106	0
-98	836	4075	0
-133	764	4007	0
-164	731	3921	0
-156	672	3982	0
-134	659	4112	0
-111	798	4118	0
-117	1021	3986	0
-118	972	3974	0
-121	896	4016	0
-161	767	4040	0
-191	659	4015	0
-205	667	3932	0
-168	777	3952	0
-95	890	4128	0
-50	888	4276	0
-32	874	4306	0
-58	831	4201	0
-91	827	4091	0
-109	873	4038	0
-147	857	3973	0
-164	832	3942	0
-149	955	4003	0
-151	970	4035	0
-180	866	4009	0
-171	820	4090	0
-203	731	4030	0
-204	742	3969	0
-172	862	3988	0
-152	863	4028	0
-162	755	4015	0
-161	709	3995	0
-156	726	4005	0
-135	799	4003	0
-105	912	4037	0
238	938	5624	0
186	801	5577	0
159	782	5510	0
127	773	5415	0
82	743	5237	0
16	685	5066	0
-79	567	4855	0
-195	434	4576	0
-278	393	4275	0
-329	413	4087	0
-334	422	4091	0
-341	348	4094	0
-363	181	4008	0
-364	137	3948	0
-361	235	3842	0
-374	254	3733	0
-415	231	3635	0
-471	248	3466	0
-522	184	3301	0
-576	112	3132	0
-634	61	3009	0
-660	0	2948	0
-654	62	2831	0
-655	160	2723	0
-688	107	2650	0
-741	-76	2541	0
-791	-211	2374	0
-816	-209	2229	0
-822	-56	2034	0
-819	18	1906	0
-826	39	1897	0
-761	310	1909	0
-663	695	2012	0
-626	951	2042	0
-617	1163	2003	0
-589	1467	1951	0
-631	1391	1750	0
-684	1240	1564	0
-672	1271	1369	0
-543	1510	1505	0
-385	1759	1896	0
-298	1823	2238	0
-255	1699	2499	0
-224	1882	2603	0
-105	2539	2498	0
49	3109	2559	0
152	3167	2853	0
188	2814	3175	0
220	2475	3454	0
263	2367	3609	0
314	2390	3727	0
375	2563	3685	0
485	2865	3536	0
610	3106	3584	0
689	2926	3843	0
685	2465	3959	0
652	2106	3934	0
692	2103	3945	0
831	2424	4011	0
951	2635	4170	0
970	2671	4184	0
961	2641	4094	0
969	2477	4209	0
1028	2251	4488	0
1047	2154	4521	0
1135	2229	4533	0
1165	2294	4464	0
1251	2637	4468	0
1307	2715	4574	0
1327	2445	4717	0
1303	2280	4943	0
1229	2070	4828	0
1123	2203	4417	0
1104	2289	4282	0
1122	2215	4442	0
1139	2213	4386	0
1174	2244	4445	0
1192	2178	4669	0
1204	2184	4698	0
1193	2242	4569	0
1244	2328	4576	0
1339	2538	4646	0
1392	2618	4779	0
1364	2304	4888	0
1316	2026	4889	0
1243	1881	4780	0
1159	1729	4456	0
1086	1593	4221	0
1077	1423	4363	0
1083	1262	4514	0
1089	1454	4399	0
1108	1580	4432	0
993	1085	4468	0
897	1153	4155	0
927	1173	4119	0
993	1115	4138	0
1038	1060	4100	0
1057	873	4229	0
1028	677	4273	0
960	673	4163	0
901	702	4055	0
806	642	3962	0
704	566	3867	0
584	581	3752	0
476	659	3455	0
412	732	3256	0
348	656	3280	0
296	612	3211	0
313	713	3235	0
341	775	3464	0
354	873	3547	0
360	989	3538	0
337	1043	3496	0
286	1016	3422	0
221	906	3399	0
143	883	3270	0
91	1017	3054	0
120	1322	3003	0
115	1420	3161	0
91	1270	3261	0
74	1218	3280	0
-27	1001	3084	0
-61	962	3076	0
-87	1012	3038	0
-78	1087	3047	0
-41	1043	3150	0
15	918	3346	0
86	924	3656	0
78	1023	3699	0
78	1023	3699	0
119	1246	3685	0
106	1408	3623	0
54	1375	3492	0
4	1373	3341	0
4	1400	3360	0
71	1434	3689	0
133	1469	3935	0
105	1483	3876	0
82	1410	3872	0
101	1382	3892	0
154	1409	3879	0
202	1406	3930	0
250	1288	4095	0
274	1149	4194	0
282	1128	4213	0
303	1269	4115	0
335	1388	4024	0
340	1426	4008	0
343	1408	4083	0
362	1412	4171	0
308	1263	4187	0
277	1152	4201	0
292	1279	4232	0
291	1365	4165	0
249	1260	4066	0
176	1153	3856	0
149	1116	3918	0
165	1126	4051	0
210	1195	4088	0
305	1389	3979	0
309	1447	4011	0
236	1293	3988	0
199	1090	3922	0
199	1090	3922	0
239	1004	3993	0
314	1176	4157	0
262	1131	4003	0
233	1095	3924	0
221	1088	3891	0
208	1024	3877	0
208	1013	3920	0
245	1080	4026	0
249	1157	4071	0
244	1158	3962	0
249	1169	3940	0
258	1292	3952	0
225	1321	3811	0
200	1224	3808	0
204	1156	3911	0
197	1036	3929	0
175	1018	3907	0
163	1089	3831	0
150	1116	3770	0
136	1140	3752	0
125	1007	3793	0
141	899	3886	0
187	1018	3989	0
226	1162	4004	0
234	1206	3921	0
270	1268	3961	0
288	1260	4082	0
270	1077	4058	0
246	883	4038	0
219	874	4045	0
216	1096	3984	0
246	1272	3944	0
224	1221	4001	0
175	1062	3978	0
121	922	3868	0
91	907	3784	0
916	972	5631	0
872	870	5448	0
780	462	5351	0
701	185	5302	0
653	90	5234	0
591	148	5075	0
490	189	4870	0
410	98	4749	0
347	99	4700	0
322	125	4625	0
299	121	4588	0
259	122	4490	0
225	107	4440	0
183	62	4327	0
160	86	4149	0
120	59	4089	0
41	-64	4044	0
-48	-131	3902	0
-119	-88	3762	0
-225	1	3530	0
-350	51	3168	0
-443	14	3041	0
-468	-12	3159	0
-528	10	3082	0
-624	-69	2751	0
-699	-143	2662	0
-764	-208	2576	0
-807	-214	2410	0
-821	-103	2267	0
-803	-83	2252	0
-805	-170	2309	0
-827	-95	2171	0
-860	118	1893	0
-869	302	1778	0
-827	472	1850	0
-798	582	1963	0
-809	686	1933	0
-840	845	1820	0
-863	993	1752	0
-880	956	1750	0
-857	840	1813	0
-802	741	1877	0
-751	606	1966	0
-729	585	2011	0
-648	1018	1846	0
-487	1685	1977	0
-294	2228	2513	0
-171	2318	2943	0
-147	1974	3126	0
-183	1487	3234	0
-227	1315	3042	0
-186	1603	2711	0
3	2180	2807	0
233	2604	3176	0
366	2543	3592	0
339	2190	3824	0
239	1829	3720	0
189	1701	3525	0
255	1919	3478	0
520	2481	3727	0
744	2850	4099	0
833	2684	4366	0
875	2323	4408	0
962	1999	4561	0
1072	1873	4837	0
1144	2138	4754	0
1190	2499	4452	0
1242	2512	4309	0
1318	2169	4635	0
1420	1843	5033	0
1476	1706	5262	0
1516	1809	5166	0
1519	1882	5169	0
1511	1899	5171	0
1471	2137	5048	0
1498	2172	5007	0
1528	2128	5095	0
1519	1976	5184	0
1485	1730	5192	0
1432	1755	4974	0
1508	1704	5191	0
1580	1547	5417	0
1588	1550	5463	0
1608	1933	5345	0
1531	2042	5039	0
1424	1617	4927	0
1384	1173	5024	0
1375	983	5075	0
1380	922	5025	0
1358	888	4876	0
1312	804	4802	0
1266	783	4687	0
1244	854	4602	0
1261	912	4655	0
1240	842	4706	0
1201	738	4709	0
1124	612	4600	0
1029	539	4336	0
945	467	4224	0
904	441	4102	0
879	463	3910	0
897	429	3962	0
875	219	4060	0
810	85	4011	0
757	155	3920	0
682	123	3845	0
646	221	3710	0
621	392	3702	0
550	277	3696	0
469	275	3617	0
367	329	3509	0
271	267	3322	0
218	478	3081	0
199	550	3115	0
172	280	3283	0
153	138	3408	0
146	333	3421	0
145	690	3393	0
146	872	3299	0
88	763	3278	0
23	483	3280	0
23	434	3393	0
26	620	3451	0
29	891	3429	0
39	1125	3405	0
0	812	3489	0
-42	627	3552	0
-73	723	3408	0
-74	783	3410	0
-91	673	3443	0
-40	745	3615	0
4	791	3751	0
9	901	3731	0
3	1035	3694	0
-16	972	3681	0
-45	790	3712	0
-28	719	3829	0
5	735	3871	0
20	776	3802	0
9	916	3768	0
42	1013	3787	0
77	959	3949	0
137	874	4226	0
136	877	4331	0
133	909	4344	0
39	793	4247	0
0	792	4071	0
6	817	3986	0
37	937	3968	0
83	1071	4071	0
149	1070	4281	0
166	944	4374	0
129	770	4315	0
94	665	4208	0
68	633	4171	0
60	727	4122	0
71	864	4076	0
121	997	4085	0
96	1003	4020	0
54	689	4086	0
33	513	4114	0
24	474	4052	0
-43	460	3942	0
-36	494	3939	0
-2	645	3931	0
60	625	4068	0
60	501	4178	0
51	461	4208	0
61	577	4109	0
66	632	4134	0
66	522	4096	0
72	525	4084	0
89	580	4237	0
92	654	4225	0
83	693	4113	0
51	662	4116	0
12	565	4032	0
-26	494	3957	0
41	601	4150	0
105	675	4278	0
99	601	4281	0
62	564	4243	0
14	518	4121	0
-22	473	4030	0
-4	584	3930	0
-5	737	3911	0
-25	702	3906	0
-28	533	3911	0
-47	338	4011	0
-34	258	4152	0
3	462	4117	0
-16	443	4073	0
-55	342	3965	0
-18	328	3876	0
17	439	3894	0
72	537	4060	0
85	554	4189	0
68	483	4166	0
21	457	4034	0
-3	441	4019	0
-44	436	4792	0
-101	340	4763	0
-117	376	4783	0
-90	496	4758	0
-82	495	4693	0
-39	483	4761	0
-24	351	4821	0
-55	256	4754	0
-73	422	4586	0
-76	540	4422	0
-146	362	4281	0
-202	187	4192	0
-206	209	4119	0
-191	273	4111	0
-186	224	3993	0
-185	88	3887	0
-181	-169	4023	0
-168	-185	4121	0
-146	-25	4056	0
-355	-102	3662	0
-330	-20	3633	0
-301	32	3620	0
-339	-72	3723	0
-349	-68	3824	0
-388	67	3604	0
-468	70	3276	0
-506	-71	3243	0
-527	-280	3254	0
-570	-416	3155	0
-586	-356	3070	0
-627	-195	2886	0
-676	-107	2731	0
-676	13	2787	0
-688	5	2838	0
-734	-41	2729	0
-758	80	2591	0
-758	236	2591	0
-725	466	2556	0
-687	676	2447	0
-689	653	2494	0
-681	591	2552	0
-662	667	2475	0
-652	759	2372	0
-640	841	2333	0
-666	910	2261	0
-674	960	2165	0
-609	1116	2254	0
-534	1168	2446	0
-482	1020	2661	0
-412	1048	2900	0
-374	1190	2923	0
-345	1441	2774	0
-276	1853	2829	0
-211	2067	2860	0
-174	1936	2972	0
-132	1727	3187	0
-87	1607	3441	0
-82	1518	3465	0
-102	1473	3231	0
-46	1688	3098	0
78	1822	3225	0
192	1756	3448	0
324	1920	3621	0
399	1972	3837	0
412	1780	3762	0
444	1549	3853	0
614	1783	3991	0
600	1802	3864	0
585	1775	3641	0
668	2049	3541	0
870	2408	3801	0
1022	2426	4240	0
1022	2426	4240	0
1076	2015	4449	0
1048	1602	4591	0
978	1480	4363	0
910	1618	3887	0
1090	2287	3891	0
1344	2863	4268	0
1482	2348	4751	0
1474	1984	4833	0
1433	1859	4717	0
1414	1988	4527	0
1461	2196	4456	0
1517	2243	4538	0
1558	2028	4616	0
1603	1859	4746	0
1698	1985	4875	0
1804	2209	5004	0
1818	2145	5203	0
1758	1946	5098	0
1714	1711	5041	0
1679	1506	5183	0
1666	1552	5227	0
1675	1690	5017	0
1670	1629	4951	0
1679	1464	4885	0
1701	1447	4833	0
1724	1478	4889	0
1778	1255	5150	0
1785	999	5392	0
1714	964	5266	0
1607	971	4963	0
1525	1046	4780	0
1467	1169	4648	0
1430	1153	4637	0
1415	1053	4618	0
1401	1048	4636	0
1365	845	4604	0
1270	451	4479	0
1224	346	4406	0
1267	356	4552	0
1238	234	4684	0
1210	301	4529	0
1197	514	4433	0
1111	510	4241	0
973	373	3895	0
875	154	3778	0
777	-7	3733	0
548	-203	3483	0
431	-236	3380	0
374	-208	3293	0
312	-182	3338	0
288	98	3263	0
227	253	3045	0
116	0	3052	0
16	-220	3032	0
-9	-111	2982	0
3	56	3084	0
-17	68	3170	0
-34	181	3137	0
-1	630	3177	0
-37	506	3207	0
-98	285	3200	0
-178	133	3163	0
-173	284	3157	0
-83	576	3268	0
-83	564	3475	0
-5	709	3728	0
-5	709	3728	0
3	848	3761	0
-72	695	3550	0
-112	602	3591	0
-171	490	3575	0
-174	572	3575	0
-135	631	3676	0
-152	625	3826	0
-82	864	3899	0
-177	716	3836	0
-176	715	3835	0
-102	745	4010	0
-92	656	4141	0
-123	589	4175	0
-160	583	4021	0
-193	600	3857	0
-107	806	3959	0
-61	1023	4063	0
-56	893	4050	0
15	844	4310	0
45	880	4403	0
38	942	4305	0
70	1045	4275	0
100	1075	4390	0
91	970	4469	0
47	850	4320	0
-15	753	4086	0
-59	713	3945	0
-73	669	3935	0
-82	553	4017	0
-122	426	3957	0
-158	372	3878	0
-171	429	3878	0
-150	539	3907	0
-98	602	3989	0
11	684	4182	0
6	559	4285	0
-27	530	4222	0
-28	601	4159	0
-83	548	4005	0
-117	501	3905	0
-69	523	3987	0
3	570	4240	0
26	630	4331	0
-2	625	4162	0
-26	520	4100	0
-51	403	4112	0
-47	464	4094	0
13	553	4181	0
0	425	4208	0
-11	361	4260	0
-33	527	4157	0
-28	657	4020	0
-29	691	4058	0
-43	558	4129	0
-81	255	4185	0
-102	5	4194	0
-103	66	4042	0
2	659	4164	0
-13	613	4127	0
-13	613	4127	0
357	-325	4967	0
318	-336	4880	0
241	-324	4683	0
180	-354	4531	0
123	-462	4519	0
67	-472	4482	0
31	-352	4300	0
-5	-360	4149	0
2	-311	4234	0
51	-132	4336	0
7	-204	4176	0
-58	-442	4157	0
-98	-444	4119	0
-137	-359	3917	0
-172	-340	3733	0
-215	-292	3658	0
-295	-350	3517	0
-363	-493	3432	0
-456	-618	3276	0
-533	-568	3141	0
-597	-476	2915	0
-655	-511	2804	0
-697	-588	2784	0
-733	-660	2707	0
-733	-660	2707	0
-791	-731	2528	0
-847	-697	2226	0
-874	-629	2069	0
-850	-535	2084	0
-812	-474	2084	0
-782	-424	1936	0
-745	-408	1968	0
-679	-320	2139	0
-657	-162	2117	0
-640	175	2065	0
-592	464	2192	0
-513	875	2448	0
-444	1289	2601	0
-436	1402	2740	0
-436	1295	2814	0
-442	1117	2747	0
-523	704	2596	0
-599	505	2373	0
-584	807	2239	0
-449	1339	2349	0
-193	1822	2886	0
-65	1743	3436	0
56	1629	3798	0
207	1955	3991	0
229	1807	4139	0
170	1647	4027	0
141	1962	3681	0
210	2419	3396	0
297	2618	3478	0
324	2238	3772	0
382	1756	4091	0
496	1713	4331	0
566	1671	4503	0
558	1638	4390	0
575	1811	4090	0
668	1957	3990	0
775	2009	4080	0
910	2143	4283	0
1020	2174	4436	0
1062	1888	4591	0
1095	1649	4699	0
1150	1704	4545	0
1212	1564	4596	0
1295	1402	4884	0
1397	1500	4907	0
1469	1757	4777	0
1499	1807	4695	0
1533	1667	4763	0
1610	1665	4964	0
1654	1470	5019	0
1593	1152	4922	0
1525	1063	4677	0
1523	939	4679	0
1575	838	4966	0
1608	949	5045	0
1579	983	5013	0
1519	979	4970	0
1537	1117	5083	0
1568	1063	5034	0
1564	1014	4872	0
1553	923	4759	0
1535	632	4721	0
1587	541	4830	0
1631	636	4935	0
1625	565	4918	0
1597	535	4851	0
1574	473	4791	0
1581	427	4789	0
1586	454	4908	0
1573	491	4998	0
1542	596	4941	0
1538	847	4797	0
1467	834	4576	0
1358	340	4523	0
1308	-2	4522	0
1314	-46	4505	0
1346	-89	4667	0
1314	-201	4738	0
1282	-32	4621	0
1221	160	4403	0
1101	61	4161	0
1017	-174	4169	0
968	-310	4216	0
942	-198	4187	0
924	86	3951	0
831	35	3870	0
754	-19	3951	0
660	61	3749	0
594	-4	3586	0
599	54	3706	0
651	193	3754	0
592	-194	3889	0
548	-244	3920	0
526	-45	3812	0
410	132	3544	0
271	116	3354	0
140	5	3269	0
67	23	3147	0
43	227	3126	0
0	124	3237	0
-19	68	3377	0
-24	284	3402	0
-24	315	3311	0
-55	143	3357	0
-118	-50	3313	0
-175	-162	3254	0
-198	-135	3271	0
-207	36	3182	0
-154	272	3309	0
-147	279	3417	0
-171	147	3497	0
-208	-47	3519	0
-174	19	3579	0
-156	121	3650	0
-179	94	3626	0
-161	258	3648	0
-73	528	3841	0
-42	502	3988	0
-64	317	4076	0
-111	299	4005	0
-160	379	3848	0
-146	553	3834	0
-101	635	3912	0
-123	345	4008	0
-86	257	4192	0
-19	494	4342	0
-41	576	4263	0
-65	617	4215	0
-74	602	4201	0
-168	235	4074	0
-208	17	3985	0
-134	250	4060	0
-121	285	4094	0
-159	104	4010	0
-107	147	4068	0
-28	255	4249	0
-26	292	4118	0
-23	276	4134	0
36	-33	4380	0
53	82	4461	0
47	337	4364	0
17	529	4285	0
-39	444	4242	0
-98	283	4151	0
-145	206	4032	0
-147	181	4024	0
-155	177	3996	0
-161	129	4061	0
-139	179	4177	0
-113	301	4189	0
-59	426	4245	0
-24	473	4272	0
-77	367	4159	0
-105	245	4125	0
-110	179	4111	0
-126	115	4058	0
-100	156	4097	0
-44	277	4135	0
-6	342	4163	0
24	384	4224	0
-3	333	4168	0
-19	325	4152	0
-68	169	4064	0
-105	8	4063	0
-74	119	4102	0
-27	274	4196	0
-34	301	4215	0
-102	237	4076	0
-125	316	3910	0
-107	377	3943	0
-93	229	4038	0
-72	100	4127	0
-13	200	4256	0
29	324	4280	0
11	252	4200	0
213	-134	4938	0
174	-326	4907	0
114	-514	4785	0
53	-568	4568	0
10	-425	4412	0
-35	-324	4334	0
-84	-366	4265	0
-143	-425	4224	0
-188	-501	4167	0
-224	-552	4128	0
-247	-452	4067	0
-300	-299	3911	0
-323	-198	3854	0
-297	-74	3955	0
-301	-89	3997	0
-383	-246	3850	0
-469	-255	3646	0
-526	-201	3491	0
-547	-207	3459	0
-557	-190	3525	0
-604	-222	3503	0
-654	-271	3437	0
-696	-273	3310	0
-777	-345	3164	0
-859	-347	3026	0
-882	-99	2699	0
-885	-22	2651	0
-917	-292	2718	0
-951	-478	2679	0
-941	-321	2586	0
-928	-130	2492	0
-904	-4	2458	0
-837	246	2520	0
-814	360	2571	0
-807	415	2611	0
-780	531	2609	0
-799	520	2583	0
-845	477	2474	0
-893	501	2298	0
-904	617	2108	0
-793	936	2215	0
-642	1047	2684	0
-569	852	3095	0
-548	761	3114	0
-570	806	2883	0
-610	813	2767	0
-610	895	2636	0
-538	1188	2584	0
-421	1470	2796	0
-277	1735	3134	0
-223	1697	3210	0
-131	1558	3503	0
-60	1279	3908	0
-120	922	3890	0
-202	967	3472	0
-129	1481	3264	0
33	1942	3314	0
188	2050	3476	0
346	2040	3876	0
464	2110	4144	0
453	1945	4186	0
411	1611	4212	0
376	1450	4106	0
373	1472	3867	0
423	1529	3611	0
594	1734	3743	0
771	1842	4002	0
887	1858	4109	0
1004	1731	4330	0
1048	1493	4578	0
1074	1365	4589	0
1085	1293	4489	0
1186	1521	4501	0
1320	1790	4659	0
1363	1679	4740	0
1377	1434	4681	0
1407	1238	4598	0
1451	1147	4691	0
1488	1085	4736	0
1540	1036	4771	0
1598	1132	4851	0
1678	1285	4895	0
1765	1375	5082	0
1835	1362	5409	0
1921	1323	5796	0
1930	1215	5930	0
1836	1018	5752	0
1783	878	5587	0
1777	960	5439	0
1663	893	5113	0
1527	671	4810	0
1479	496	4786	0
1481	396	4915	0
1460	298	4913	0
1433	120	4867	0
1458	308	4897	0
1497	481	4893	0
1500	456	4969	0
1457	338	4980	0
1394	362	4834	0
1352	499	4794	0
1339	697	4868	0
1262	720	4707	0
1160	500	4518	0
1097	334	4456	0
1065	300	4299	0
1062	317	4139	0
1101	173	4284	0
1128	42	4371	0
1064	-8	4231	0
954	-121	4157	0
911	-44	4126	0
882	204	4034	0
827	185	3982	0
773	85	4023	0
678	70	3934	0
549	22	3675	0
443	-69	3477	0
376	-154	3444	0
342	-127	3485	0
299	-91	3427	0
308	-36	3470	0
358	72	3720	0
352	72	3791	0
291	121	3665	0
232	156	3605	0
163	62	3517	0
141	-13	3523	0
175	129	3680	0
43	310	3420	0
-45	144	3341	0
-148	-105	3193	0
-209	-207	3062	0
-230	-100	3068	0
-274	-8	3050	0
-288	169	2954	0
-211	260	3205	0
-132	149	3555	0
-62	98	3829	0
-29	236	3992	0
-81	495	3808	0
-81	495	3808	0
-183	634	3465	0
-182	478	3598	0
-72	667	3839	0
-38	694	3990	0
-98	484	4030	0
-137	457	3908	0
-142	561	3836	0
-127	594	3887	0
-134	615	3910	0
-87	717	3955	0
-58	687	4130	0
-24	612	4275	0
-54	480	4181	0
-101	298	4032	0
-128	227	3944	0
-64	357	3991	0
20	485	4157	0
100	519	4393	0
137	509	4489	0
95	437	4368	0
36	446	4156	0
16	396	4107	0
-64	134	4052	0
-94	36	4052	0
-42	268	4093	0
-30	415	4169	0
-73	320	4076	0
-95	280	4077	0
-81	271	3997	0
-117	126	3907	0
-43	104	4145	0
65	254	4394	0
91	400	4303	0
108	532	4277	0
110	515	4298	0
69	264	4221	0
58	63	4264	0
51	54	4313	0
29	256	4158	0
9	490	4103	0
-9	476	4116	0
-44	347	4051	0
-65	229	4039	0
-64	184	4074	0
-32	257	4143	0
0	332	4137	0
-21	289	4066	0
-4	239	4065	0
60	405	4097	0
105	486	4182	0
85	267	4274	0
51	106	4245	0
45	249	4141	0
25	414	4019	0
17	409	4038	0
43	370	4188	0
45	358	4152	0
12	277	4094	0
143	-229	4723	0
136	-253	4660	0
121	-276	4615	0
90	-235	4525	0
53	-130	4391	0
33	-95	4328	0
-17	-194	4284	0
-86	-262	4165	0
-143	-187	3996	0
-215	-193	3844	0
-313	-318	3715	0
-346	-338	3681	0
-362	-119	3424	0
-389	-117	3559	0
-410	-183	3674	0
-439	-95	3488	0
-440	93	3441	0
-503	22	3370	0
-612	-195	3239	0
-632	-94	3167	0
-636	-6	3114	0
-667	-144	3125	0
-688	-158	3117	0
-703	33	3032	0
-751	203	2867	0
-799	298	2716	0
-808	325	2696	0
-824	220	2736	0
-830	254	2693	0
-841	411	2506	0
-886	382	2395	0
-934	314	2367	0
-975	330	2206	0
-973	287	2145	0
-876	355	2386	0
-815	384	2448	0
-764	462	2599	0
-655	871	2784	0
-545	1219	2884	0
-552	1028	2929	0
-630	656	2847	0
-736	423	2573	0
-801	354	2303	0
-750	523	2267	0
-584	833	2486	0
-364	1128	2839	0
-122	1324	3278	0
15	1277	3623	0
49	1188	3616	0
71	1314	3507	0
140	1604	3533	0
323	1939	3663	0
541	2100	4281	0
512	1750	4408	0
447	1603	4177	0
491	1871	4115	0
475	2000	3933	0
489	2064	3770	0
538	1828	3832	0
584	1500	3934	0
784	1753	4361	0
962	2264	4558	0
979	2291	4430	0
976	1966	4492	0
969	1642	4511	0
1019	1803	4331	0
1139	2055	4441	0
1178	1947	4506	0
1183	1664	4596	0
1230	1522	4694	0
1266	1419	4674	0
1311	1409	4749	0
1402	1464	4833	0
1458	1387	4880	0
1474	1260	4896	0
1514	1348	4805	0
1576	1299	4867	0
1605	1029	5070	0
1563	851	5020	0
1526	898	4783	0
1481	966	4645	0
1429	858	4544	0
1395	620	4570	0
1365	411	4636	0
1365	411	4636	0
1352	502	4597	0
1395	708	4657	0
1417	794	4713	0
1431	794	4796	0
1464	746	4868	0
1462	814	4798	0
1431	712	4772	0
1399	583	4709	0
1406	556	4640	0
1437	512	4652	0
1407	390	4590	0
1388	355	4517	0
1426	416	4721	0
1421	371	4812	0
1355	101	4654	0
1344	274	4624	0
1368	678	4578	0
1333	783	4498	0
1236	409	4587	0
1171	66	4529	0
1162	82	4482	0
1184	88	4554	0
1182	148	4351	0
1202	723	4030	0
1089	789	3939	0
979	302	4030	0
896	-169	4190	0
882	-108	4170	0
859	163	4049	0
759	208	3901	0
655	271	3729	0
629	375	3660	0
619	279	3737	0
624	93	3890	0
626	38	3973	0
635	256	3986	0
606	407	3960	0
467	241	3774	0
361	176	3568	0
332	285	3555	0
236	140	3490	0
153	123	3387	0
173	407	3541	0
115	447	3558	0
16	291	3359	0
11	224	3443	0
-98	313	3373	0
-123	465	3327	0
-143	483	3387	0
-134	416	3474	0
-83	423	3670	0
-130	356	3607	0
-244	330	3306	0
-271	419	3136	0
-253	340	3266	0
-188	205	3535	0
-127	316	3701	0
-153	487	3562	0
-198	514	3486	0
-229	407	3492	0
-285	229	3431	0
-252	300	3512	0
-161	561	3670	0
-59	904	3892	0
-36	864	3997	0
-66	609	4095	0
-113	535	3964	0
-144	570	3856	0
-128	682	3864	0
-72	762	4033	0
-54	585	4176	0
-12	573	4240	0
-5	659	4204	0
-35	615	4117	0
-48	559	4114	0
-50	583	4119	0
-25	710	4094	0
62	704	4243	0
33	391	4326	0
20	258	4369	0
57	656	4249	0
60	783	4171	0
-19	443	4124	0
-27	278	4078	0
59	414	4210	0
98	412	4374	0
75	392	4343	0
46	491	4252	0
0	624	4091	0
-37	642	3915	0
-34	492	3992	0
-20	373	4107	0
25	446	4107	0
86	567	4226	0
104	643	4292	0
75	653	4174	0
34	562	4093	0
-2	472	4027	0
-44	442	3905	0
-47	440	3914	0
13	556	4109	0
72	688	4253	0
42	653	4182	0
-17	565	4062	0
-53	575	3978	0
-55	595	3931	0
-64	543	3973	0
-72	525	4027	0
-63	558	4072	0
-55	636	3999	0
-8	691	3942	0
-54	416	3999	0
-15	402	4088	0
76	583	4197	0
50	407	4227	0
494	332	5468	0
384	168	5190	0
266	21	4888	0
187	36	4681	0
143	77	4597	0
67	6	4490	0
-17	-239	4365	0
-63	-393	4280	0
-97	-386	4162	0
-152	-284	3960	0
-219	-192	3671	0
-278	-260	3507	0
-314	-487	3458	0
-318	-567	3433	0
-325	-388	3335	0
-397	-352	3193	0
-467	-467	3093	0
-519	-538	2988	0
-562	-448	2816	0
-623	-327	2628	0
-675	-266	2539	0
-704	-159	2453	0
-737	-77	2297	0
-758	-97	2328	0
-775	-76	2349	0
-816	-14	2134	0
-852	75	1995	0
-859	268	1886	0
-822	466	1862	0
-740	741	1936	0
-654	976	2131	0
-630	717	2377	0
-575	1035	2495	0
-575	1261	2415	0
-574	1252	2405	0
-550	1248	2621	0
-515	1377	2625	0
-527	1381	2597	0
-514	1426	2589	0
-390	1781	2657	0
-253	1979	2854	0
-119	1931	3214	0
-15	1937	3461	0
33	2002	3448	0
107	2072	3529	0
157	1982	3778	0
126	1791	3573	0
137	1685	3495	0
215	1805	3526	0
319	2107	3520	0
457	2395	3578	0
563	2241	3851	0
592	1929	4049	0
636	2013	4058	0
651	2182	3949	0
723	2347	3952	0
830	2288	4178	0
849	1897	4273	0
844	1548	4224	0
815	1350	4049	0
792	1301	3792	0
874	1376	3678	0
1095	1649	3873	0
1367	1801	4434	0
1542	1706	4786	0
1612	1494	5000	0
1645	1587	5004	0
1633	1732	4768	0
1612	1660	4703	0
1589	1470	4574	0
1553	1145	4516	0
1612	1090	4686	0
1672	1181	4770	0
1598	1160	4538	0
1647	1374	4628	0
1636	1317	4695	0
1580	1032	4691	0
1602	1069	4760	0
1673	1269	4795	0
1749	1222	5023	0
1792	1056	5257	0
1825	1124	5344	0
1802	1327	5149	0
1720	1313	4920	0
1714	1132	5042	0
1746	1057	5097	0
1732	1024	4967	0
1639	921	4730	0
1490	782	4347	0
1405	679	4197	0
1381	622	4172	0
1398	386	4208	0
1422	174	4355	0
1487	349	4424	0
1537	515	4503	0
1536	481	4628	0
1546	618	4546	0
1590	681	4677	0
1569	562	4738	0
1506	581	4550	0
1444	606	4385	0
1376	514	4239	0
1307	455	4238	0
1241	465	4202	0
1192	442	4197	0
1155	414	4219	0
1082	456	4076	0
1092	665	4119	0
1092	664	4192	0
1019	429	4146	0
983	323	4088	0
965	331	4093	0
950	364	4100	0
922	542	4009	0
790	437	3792	0
728	268	3733	0
668	196	3742	0
590	242	3582	0
558	356	3586	0
537	394	3668	0
490	354	3718	0
503	510	3772	0
518	623	3805	0
440	570	3742	0
335	499	3596	0
292	469	3594	0
248	358	3624	0
219	314	3661	0
186	480	3560	0
140	640	3437	0
150	680	3543	0
174	572	3729	0
123	446	3686	0
46	346	3465	0
7	403	3412	0
5	525	3481	0
-17	481	3517	0
-18	516	3564	0
-47	509	3530	0
-98	442	3481	0
-102	483	3531	0
-163	450	3475	0
-229	469	3364	0
-156	687	3524	0
-154	641	3620	0
-188	490	3595	0
-189	571	3647	0
-266	640	3460	0
-305	632	3330	0
-313	440	3530	0
-232	559	3607	0
-36	919	3955	0
68	927	4273	0
33	812	4197	0
20	842	4096	0
-9	790	4051	0
-56	612	4020	0
-63	512	4053	0
-65	662	3964	0
-90	763	3872	0
-18	768	4101	0
58	772	4332	0
39	737	4289	0
41	763	4225	0
41	723	4270	0
-21	658	4182	0
-78	664	3997	0
-71	604	4056	0
-117	441	4064	0
-165	472	3883	0
-101	685	3904	0
-61	628	4092	0
-90	528	4055	0
-74	611	4071	0
-39	692	4191	0
-21	784	4177	0
0	849	4217	0
-57	725	4075	0
-83	678	3972	0
-68	683	4081	0
-88	607	4065	0
-78	656	4028	0
-22	836	4149	0
-27	922	4073	0
-64	721	4010	0
-48	613	4130	0
-65	610	4077	0
-54	679	4042	0
-68	644	4026	0
-106	597	3944	0
-92	629	3913	0
-37	737	4038	0
-3	805	4168	0
-3	794	4149	0
-15	720	4135	0
-37	659	4122	0
-74	621	4011	0
-70	694	4016	0
-70	724	4030	0
-94	646	3970	0
249	196	4639	0
186	1	4594	0
142	-111	4553	0
101	-119	4430	0
81	19	4329	0
48	80	4247	0
-35	-30	4120	0
-131	-49	3884	0
-242	-33	3604	0
-318	-51	3497	0
-348	-77	3501	0
-396	-87	3486	0
-434	20	3420	0
-485	162	3224	0
-589	234	2991	0
-674	226	2730	0
-677	64	2879	0
-656	35	3020	0
-673	130	2904	0
-697	268	2792	0
-721	377	2730	0
-776	482	2556	0
-808	654	2342	0
-790	750	2340	0
-788	636	2365	0
-779	548	2396	0
-778	637	2311	0
-800	725	2180	0
-831	710	2162	0
-866	578	2116	0
-861	569	2008	0
-786	715	2085	0
-715	727	2259	0
-643	929	2300	0
-499	1357	2472	0
-418	1371	2610	0
-340	1247	2654	0
-145	1440	2987	0
-29	1611	3255	0
-1	1647	3301	0
117	1789	3435	0
177	1686	3710	0
134	1497	3723	0
78	1572	3413	0
106	1779	3348	0
188	1961	3317	0
414	2268	3697	0
531	2207	4109	0
500	1952	4009	0
538	1986	4057	0
460	1788	4006	0
291	1584	3552	0
330	1743	3428	0
489	1990	3585	0
670	2025	3942	0
765	1981	4202	0
821	2053	4206	0
859	2041	4247	0
841	1804	4318	0
933	1882	4195	0
1039	1967	4281	0
1161	2090	4453	0
1146	2059	4312	0
1067	1753	4064	0
1059	1403	4119	0
1075	1255	4121	0
1220	1615	4192	0
1353	1785	4357	0
1396	1735	4450	0
1470	1857	4537	0
1494	1681	4596	0
1465	1300	4638	0
1476	1219	4725	0
1623	1684	4906	0
1706	1900	4988	0
1663	1599	5043	0
1680	1608	5057	0
1676	1540	4973	0
1604	1160	5009	0
1584	1093	5055	0
1573	1371	4878	0
1532	1693	4560	0
1405	1404	4393	0
1389	957	4589	0
1428	935	4628	0
1405	747	4565	0
1348	623	4525	0
1328	923	4254	0
1362	1121	4299	0
1403	1016	4543	0
1366	737	4569	0
1364	847	4622	0
1392	1290	4396	0
1417	1354	4312	0
1424	976	4447	0
1388	596	4503	0
1350	521	4440	0
1363	685	4364	0
1331	596	4359	0
1297	491	4407	0
1276	657	4306	0
1267	854	4309	0
1295	950	4428	0
1188	486	4353	0
1216	614	4348	0
1178	477	4203	0
1142	373	4167	0
1130	588	4096	0
1078	553	3925	0
1036	279	4128	0
1036	279	4128	0
1038	305	4195	0
1025	469	4108	0
959	438	4029	0
863	349	3866	0
853	376	3884	0
847	181	4044	0
784	-5	3967	0
784	397	3974	0
719	332	3877	0
697	288	3911	0
672	408	3910	0
612	445	3800	0
566	344	3845	0
492	218	3858	0
451	281	3832	0
419	352	3836	0
361	349	3690	0
317	372	3593	0
305	353	3630	0
351	564	3812	0
321	713	3740	0
230	516	3587	0
174	311	3648	0
178	320	3772	0
185	494	3749	0
147	564	3674	0
124	674	3664	0
136	836	3714	0
80	781	3632	0
31	687	3581	0
31	673	3706	0
-7	713	3688	0
-57	789	3562	0
-57	789	3562	0
-88	903	3572	0
-160	917	3449	0
-216	849	3451	0
-277	702	3368	0
-321	603	3364	0
-289	751	3460	0
-267	961	3507	0
-258	1092	3522	0
-250	1051	3588	0
-240	992	3697	0
-286	1025	3617	0
-292	1097	3551	0
-329	810	3593	0
-373	628	3611	0
-350	832	3565	0
-289	1082	3665	0
-220	1199	3863	0
-172	1097	4045	0
-150	1048	4090	0
-174	1055	4001	0
-216	972	3944	0
-204	990	4033	0
-184	1058	4017	0
-211	940	3937	0
-184	988	4012	0
-149	1195	4035	0
-180	1092	3984	0
-175	979	4105	0
-190	989	4049	0
-270	951	3826	0
-270	921	3940	0
-208	997	4053	0
-328	741	3776	0
-339	766	3715	0
-236	1043	3893	0
-204	894	3979	0
-247	638	4025	0
-215	805	3976	0
-98	1201	4125	0
-79	1191	4195	0
-159	842	4046	0
-148	828	4070	0
-121	972	4114	0
-125	865	4140	0
-140	779	4116	0
-136	982	4041	0
-127	1104	3956	0
-153	904	3943	0
-145	821	4028	0
-119	906	4050	0
-124	974	4042	0
-135	985	4029	0
-218	841	3898	0
-250	685	3847	0
-265	620	3834	0
-53	38	4186	0
-62	159	4079	0
-103	40	4023	0
-147	-69	3918	0
-138	-7	3894	0
-141	-54	3945	0
-198	-44	3853	0
-277	47	3640	0
-338	129	3479	0
-368	214	3403	0
-425	160	3283	0
-492	52	3187	0
-531	73	3147	0
-560	160	3054	0
-562	356	2986	0
-614	368	2921	0
-708	280	2689	0
-731	349	2579	0
-762	377	2487	0
-821	424	2309	0
-760	699	2396	0
-724	734	2475	0
-783	630	2320	0
-773	771	2219	0
-758	907	2272	0
-729	1053	2265	0
-661	1151	2351	0
-636	1070	2450	0
-655	1089	2374	0
-685	1207	2162	0
-667	1345	1994	0
-586	1341	2014	0
-494	1085	2304	0
-324	1314	2547	0
-119	1776	2820	0
-80	1650	3055	0
-50	1595	3255	0
-21	1865	3153	0
-35	1921	3070	0
-22	2084	3016	0
67	2383	2979	0
230	2575	3381	0
244	2394	3448	0
209	2006	3428	0
207	1847	3516	0
156	1948	3195	0
156	2105	2832	0
302	2169	2892	0
573	2306	3413	0
752	2289	3804	0
786	2058	3814	0
819	1914	3773	0
849	1872	3810	0
816	1934	3668	0
871	2243	3495	0
1007	2448	3668	0
1131	2453	3907	0
1199	2393	3959	0
1192	2004	4087	0
1138	1826	3948	0
1141	1879	3814	0
1236	1927	4005	0
1309	1978	4069	0
1417	2122	4236	0
1547	2301	4360	0
1669	2394	4478	0
1849	2582	4768	0
1911	2456	4864	0
1849	2041	4778	0
1848	1980	4671	0
1892	2033	4574	0
1945	1895	4699	0
2074	2003	5026	0
2117	2106	5054	0
2074	1993	4984	0
2097	2073	5079	0
2142	2262	5168	0
1989	1970	4819	0
1891	1788	4646	0
1836	1566	4582	0
1775	1222	4553	0
1734	1033	4523	0
1694	1029	4526	0
1746	1320	4512	0
1703	1301	4315	0
1657	1032	4286	0
1706	1061	4397	0
1825	1302	4637	0
1888	1318	4862	0
1846	1160	4757	0
1756	984	4563	0
1683	922	4434	0
1657	850	4414	0
1642	719	4458	0
1623	749	4524	0
1617	987	4369	0
1529	968	4194	0
1478	803	4241	0
1487	756	4313	0
1458	577	4263	0
1384	348	4318	0
1335	478	4168	0
1285	581	4125	0
1247	558	4140	0
1160	391	4064	0
1131	550	3989	0
1115	623	3969	0
1085	553	4053	0
1046	609	3921	0
970	514	3776	0
938	446	3842	0
915	413	3873	0
879	403	3871	0
854	494	3852	0
815	523	3820	0
777	475	3797	0
743	457	3851	0
640	306	3814	0
529	205	3623	0
411	367	3473	0
342	589	3338	0
293	690	3239	0
237	446	3314	0
167	181	3403	0
144	286	3412	0
110	482	3338	0
48	555	3223	0
28	646	3243	0
2	632	3355	0
-69	456	3303	0
-130	411	3227	0
-112	627	3249	0
-122	750	3208	0
-165	737	3189	0
-133	895	3327	0
-90	993	3471	0
-16	1152	3687	0
9	1118	3784	0
-47	871	3725	0
-88	857	3676	0
-129	1007	3586	0
-132	1137	3596	0
-161	1073	3545	0
-168	948	3647	0
-157	1001	3767	0
-198	1031	3638	0
-281	903	3582	0
-220	1040	3690	0
-192	1051	3755	0
-104	1203	3972	0
-85	1172	4023	0
-152	1049	3902	0
-252	926	3688	0
-272	940	3612	0
-276	917	3636	0
-260	763	3675	0
-150	855	3920	0
-67	996	4112	0
-106	965	4009	0
-125	1050	3901	0
-115	1095	3895	0
-125	1009	3928	0
-83	902	4016	0
-118	673	3951	0
-90	739	4023	0
18	1158	4138	0
6	1121	4145	0
-28	889	4147	0
-76	828	4068	0
-126	904	3892	0
-91	970	3955	0
-25	1035	4145	0
-11	1013	4161	0
-11	1001	4229	0
-2	1045	4177	0
-127	762	3979	0
-142	748	3927	0
-80	957	3966	0
-103	914	3979	0
-124	829	3959	0
-100	872	4009	0
-64	919	4085	0
-77	850	4094	0
-94	854	4042	0
-82	888	4044	0
-75	967	4033	0
-88	1019	3942	0
-100	908	3961	0
-59	929	4110	0
-39	1005	4149	0
-58	993	4101	0
-41	1017	4132	0
-47	972	4079	0
-114	597	4235	0
-52	728	4008	0
-37	1376	3738	0
-84	1120	3987	0
-128	784	3959	0
-64	836	4129	0
-44	863	4210	0
-93	-102	4287	0
-128	-109	4213	0
-150	-106	4176	0
-210	-187	4035	0
-277	-295	3971	0
-326	-309	3897	0
-329	-161	3877	0
-321	79	3862	0
-360	-18	3810	0
-391	-160	3891	0
-392	52	3876	0
-448	99	3722	0
-515	-24	3660	0
-569	-36	3551	0
-617	2	3415	0
-671	99	3259	0
-752	163	3119	0
-748	205	3181	0
-749	337	3228	0
-777	402	3159	0
-796	345	3105	0
-751	399	3155	0
-742	495	3097	0
-789	493	2903	0
-838	503	2746	0
-872	613	2586	0
-878	619	2523	0
-831	597	2698	0
-789	738	2725	0
-751	874	2643	0
-703	914	2751	0
-692	953	2744	0
-715	964	2597	0
-716	892	2628	0
-711	769	2660	0
-686	665	2692	0
-631	795	2735	0
-578	1034	2704	0
-480	1183	2857	0
-415	1083	2999	0
-304	1050	3175	0
-137	1263	3412	0
-28	1467	3554	0
37	1619	3580	0
58	1583	3567	0
40	1240	3555	0
42	1103	3560	0
37	1276	3378	0
120	1686	3393	0
242	2117	3631	0
281	2047	3669	0
315	1682	3909	0
285	1418	3887	0
258	1626	3649	0
338	2241	3639	0
350	2409	3642	0
326	2175	3483	0
519	1684	3997	0
545	1719	3996	0
573	2102	3885	0
565	2147	3726	0
546	1821	3707	0
569	1700	3730	0
615	1775	3658	0
685	1976	3763	0
775	2043	3766	0
841	1809	4002	0
999	1823	4284	0
1043	1714	4171	0
1006	1557	4025	0
1006	1557	4025	0
1119	1802	4146	0
1302	2119	4353	0
1431	2040	4630	0
1498	1756	4837	0
1605	1702	4968	0
1692	1673	5111	0
1638	1492	4992	0
1581	1457	4855	0
1545	1632	4637	0
1508	1703	4377	0
1512	1479	4419	0
1578	1199	4708	0
1612	1001	4918	0
1631	1035	5004	0
1642	1291	4982	0
1645	1525	4860	0
1591	1354	4737	0
1508	997	4714	0
1503	974	4654	0
1479	944	4511	0
1446	776	4448	0
1432	771	4456	0
1457	776	4546	0
1431	706	4515	0
1410	569	4414	0
1407	482	4475	0
1490	684	4650	0
1539	734	4802	0
1503	656	4802	0
1505	702	4818	0
1451	618	4744	0
1355	571	4523	0
1357	792	4484	0
1342	596	4587	0
1348	442	4704	0
1309	530	4612	0
1250	717	4365	0
1248	851	4279	0
1232	537	4382	0
1195	168	4402	0
1191	37	4455	0
1190	237	4555	0
1168	557	4450	0
1139	659	4397	0
1087	607	4319	0
984	383	4160	0
894	141	4145	0
820	193	4025	0
763	190	3891	0
741	10	3960	0
735	2	4043	0
714	2	4115	0
624	0	3982	0
581	156	3839	0
517	337	3770	0
529	446	3735	0
482	235	3780	0
375	-67	3731	0
295	-129	3635	0
229	9	3520	0
169	32	3449	0
149	22	3564	0
116	5	3615	0
57	-2	3491	0
78	28	3598	0
128	218	3718	0
134	282	3792	0
95	138	3912	0
71	168	3958	0
48	383	3841	0
-8	504	3739	0
-209	293	3403	0
-318	196	3164	0
-296	234	3404	0
-301	277	3456	0
-303	424	3406	0
-319	460	3431	0
-332	401	3480	0
-260	554	3741	0
-214	697	3835	0
-202	759	3904	0
-203	878	3888	0
-284	800	3705	0
-481	377	3467	0
-457	620	3473	0
-354	913	3700	0
-412	624	3721	0
-432	630	3629	0
-404	764	3623	0
-416	719	3648	0
-407	756	3697	0
-373	839	3787	0
-399	759	3828	0
-372	741	3852	0
-432	546	3766	0
-486	481	3677	0
-345	899	3948	0
-344	672	4016	0
-271	805	4200	0
-220	905	4257	0
-343	548	4095	0
-427	342	3930	0
-385	664	3889	0
-374	829	3888	0
-381	704	3922	0
-336	608	4070	0
-276	621	4217	0
-282	566	4222	0
-290	591	4201	0
-256	761	4236	0
-265	776	4266	0
-357	635	4081	0
-361	701	4017	0
-352	724	4066	0
-467	344	3898	0
-436	463	3889	0
-349	709	4082	0
-360	692	4126	0
-374	670	4074	0
-345	685	4174	0
-355	659	4164	0
-358	703	4152	0
-337	849	4162	0
-368	839	3960	0
-444	523	3922	0
-368	640	4121	0
-341	755	4103	0
-416	604	3907	0
-444	558	3902	0
-204	-281	4350	0
-216	-191	4294	0
-283	-100	4018	0
-374	-249	3879	0
-402	-326	3801	0
-405	-357	3802	0
-434	-308	3769	0
-453	12	3547	0
-514	29	3367	0
-582	-235	3351	0
-593	-287	3332	0
-605	-210	3237	0
-617	-94	3211	0
-638	44	3177	0
-679	129	3044	0
-717	80	2985	0
-742	-15	2969	0
-749	76	2909	0
-720	341	2920	0
-700	564	2941	0
-702	703	2815	0
-793	635	2687	0
-817	563	2644	0
-835	617	2474	0
-888	504	2419	0
-895	543	2492	0
-815	932	2564	0
-762	1160	2665	0
-785	996	2644	0
-763	849	2659	0
-647	1021	2899	0
-620	1118	3009	0
-707	1073	2798	0
-795	1007	2555	0
-750	1145	2485	0
-722	1106	2452	0
-698	710	2742	0
-543	1136	2993	0
-501	1461	2882	0
-572	1199	2766	0
-494	1310	2827	0
-366	1431	3058	0
-172	1690	3388	0
11	2044	3763	0
29	1899	3691	0
78	1761	3765	0
168	1823	3988	0
189	1947	3925	0
159	2102	3798	0
87	2055	3480	0
83	1992	3450	0
162	2130	3434	0
267	2144	3621	0
342	1999	3886	0
490	1903	4149	0
434	1744	4044	0
411	1939	3739	0
485	2298	3654	0
593	2409	3790	0
671	2286	3888	0
748	2094	3999	0
940	2152	4189	0
1067	2071	4414	0
1024	1747	4523	0
1000	1857	4257	0
1028	2118	3989	0
1061	2058	4024	0
1068	1881	3961	0
1154	1918	3939	0
1203	1792	4067	0
1254	1538	4192	0
1331	1470	4359	0
1366	1389	4480	0
1383	1342	4509	0
1426	1553	4510	0
1457	1639	4472	0
1479	1458	4472	0
1555	1327	4700	0
1588	1196	4848	0
1580	1138	4861	0
1570	1304	4785	0
1519	1341	4598	0
1497	1250	4523	0
1504	1035	4621	0
1473	771	4635	0
1461	763	4611	0
1506	881	4716	0
1521	1017	4691	0
1449	970	4463	0
1404	787	4341	0
1406	655	4427	0
1394	556	4378	0
1393	495	4406	0
1389	413	4517	0
1438	651	4458	0
1416	669	4368	0
1373	615	4390	0
1425	736	4426	0
1452	581	4598	0
1450	464	4669	0
1507	588	4793	0
1562	731	4841	0
1503	472	4774	0
1475	479	4644	0
1404	600	4331	0
1354	495	4240	0
1326	342	4288	0
1278	134	4268	0
1316	308	4358	0
1326	174	4385	0
1292	28	4477	0
1303	457	4334	0
1246	586	4189	0
1104	211	4058	0
1020	84	3971	0
969	148	3861	0
938	103	3890	0
1000	156	4174	0
1036	288	4329	0
991	352	4202	0
940	322	4174	0
898	325	4154	0
843	381	3959	0
818	272	3999	0
804	44	4199	0
771	123	4132	0
729	367	4004	0
665	387	3932	0
601	219	3931	0
548	209	3871	0
527	389	3855	0
532	481	3904	0
510	330	3934	0
468	169	3984	0
445	220	3899	0
414	306	3864	0
382	370	3841	0
346	485	3763	0
288	268	3709	0
271	94	3856	0
296	347	3884	0
280	573	3780	0
144	401	3608	0
128	282	3609	0
162	238	3839	0
152	321	3813	0
110	408	3706	0
112	421	3724	0
96	298	3794	0
41	176	3746	0
39	368	3701	0
46	513	3745	0
-32	414	3656	0
-35	476	3671	0
24	563	3871	0
11	451	3889	0
-14	499	3877	0
-9	619	3906	0
-78	500	3818	0
-70	590	3845	0
-37	737	3936	0
-99	547	3881	0
-143	441	3839	0
-187	580	3665	0
-192	755	3654	0
-206	663	3756	0
-231	519	3800	0
-229	643	3822	0
-237	715	3841	0
-275	621	3901	0
-306	685	3794	0
-312	707	3719	0
-288	764	3848	0
-269	934	3824	0
-318	860	3778	0
-364	683	3767	0
-397	687	3712	0
-403	755	3662	0
-374	781	3763	0
-348	742	3750	0
-278	724	3922	0
-246	595	4167	0
-269	661	4043	0
-319	803	3783	0
-291	815	3879	0
-213	816	4129	0
-254	620	4002	0
-256	544	4057	0
-210	789	4124	0
-253	911	4006	0
-295	890	3921	0
-416	613	3751	0
-416	613	3751	0
-456	491	3683	0
-355	676	3935	0
-327	754	4063	0
-332	896	4026	0
-330	945	4054	0
-388	807	3955	0
-400	783	3993	0
122	-406	4416	0
62	-548	4282	0
60	-419	4268	0
21	-285	4164	0
-69	-348	3933	0
-133	-488	3848	0
-188	-564	3800	0
-244	-547	3674	0
-296	-438	3563	0
-374	-292	3417	0
-426	-211	3277	0
-411	-179	3380	0
-415	-131	3464	0
-464	-198	3339	0
-506	-169	3219	0
-545	25	3108	0
-574	209	3017	0
-618	193	3005	0
-668	148	2947	0
-669	359	2822	0
-676	443	2763	0
-749	402	2632	0
-816	592	2472	0
-815	827	2433	0
-829	766	2401	0
-896	467	2263	0
-960	242	2099	0
-908	475	2190	0
-857	874	2328	0
-893	977	2245	0
-920	866	2075	0
-921	506	2067	0
-790	443	2283	0
-586	911	2494	0
-401	1487	2725	0
-275	1646	2915	0
-230	1345	3073	0
-213	1149	3106	0
-289	1024	2922	0
-304	1320	2810	0
-284	1691	2601	0
-160	1595	3004	0
103	1977	3586	0
227	2188	3566	0
113	1595	3422	0
146	1460	3589	0
275	1804	3985	0
199	1772	3796	0
251	2101	3566	0
452	2441	3847	0
441	2044	3928	0
493	1905	3892	0
631	1945	4209	0
634	1842	4351	0
634	2192	4040	0
721	2489	3870	0
845	2376	4161	0
956	2160	4405	0
970	1929	4575	0
846	1762	4278	0
700	1840	3636	0
675	1860	3275	0
830	1803	3486	0
948	1541	3723	0
990	1178	3728	0
1060	1172	3873	0
1273	1608	4168	0
1391	1675	4316	0
1440	1392	4368	0
1575	1419	4658	0
1623	1449	4438	0
1595	1288	4235	0
1610	1101	4285	0
1721	1220	4424	0
1858	1420	4753	0
2002	1687	5025	0
2010	1450	5081	0
1930	981	4921	0
1857	849	4945	0
1876	1167	4790	0
1931	1377	4863	0
1937	1355	4868	0
1870	1055	4675	0
1835	787	4696	0
1869	819	4792	0
1874	1019	4681	0
1876	1026	4631	0
1844	764	4697	0
1910	769	4797	0
1946	638	4764	0
1871	264	4664	0
1819	337	4329	0
1769	357	4128	0
1784	388	4233	0
1863	465	4444	0
1883	471	4446	0
1890	497	4527	0
1933	645	4576	0
1870	392	4482	0
1779	-64	4393	0
1754	-121	4395	0
1781	159	4412	0
1790	358	4395	0
1789	366	4418	0
1769	360	4427	0
1690	184	4179	0
1566	-365	4177	0
1579	-266	4294	0
1747	320	4583	0
1726	456	4584	0
1558	236	4310	0
1497	212	4199	0
1433	14	4214	0
1330	-192	4090	0
1295	-68	4051	0
1308	136	4040	0
1286	-4	4079	0
1237	-210	4156	0
1195	-34	4144	0
1177	101	4064	0
1176	-25	4275	0
1177	-30	4384	0
1103	111	4172	0
970	125	3822	0
815	-58	3744	0
737	100	3615	0
758	244	3712	0
713	-20	3825	0
659	-149	3813	0
682	151	3867	0
662	351	3835	0
598	267	3738	0
602	193	3804	0
630	229	3934	0
560	163	3795	0
489	54	3700	0
427	-58	3673	0
363	-89	3639	0
354	134	3677	0
347	381	3699	0
302	432	3679	0
240	299	3632	0
177	147	3630	0
114	176	3576	0
27	172	3471	0
24	306	3543	0
38	355	3619	0
-104	108	3384	0
-194	29	3284	0
-152	264	3458	0
-121	406	3631	0
-124	420	3706	0
-113	419	3819	0
-123	346	3831	0
-131	482	3791	0
-278	456	3433	0
-214	479	3666	0
-218	334	3739	0
-245	364	3687	0
-213	581	3652	0
-194	728	3716	0
-165	598	4024	0
-150	632	4099	0
-269	582	3771	0
-363	508	3656	0
-427	484	3505	0
-448	572	3402	0
-381	791	3647	0
-311	802	3948	0
-325	741	3947	0
-358	651	3884	0
-359	663	3914	0
-372	689	3855	0
-419	662	3717	0
-396	824	3756	0
-354	954	3876	0
-375	813	3934	0
-369	776	4059	0
-366	911	4071	0
-423	1007	3843	0
-483	941	3701	0
-497	942	3806	0
-455	1220	3906	0
-419	1279	4022	0
-426	1095	4116	0
-427	1073	4094	0
-434	1030	4054	0
-467	950	3987	0
-455	999	4005	0
-450	1102	3997	0
-435	1267	3933	0
-445	1207	3897	0
-471	956	3916	0
-422	886	4043	0
-380	922	4176	0
-405	1051	4003	0
-404	1172	3902	0
-393	1128	3952	0
-403	964	3972	0
-411	749	4029	0
459	353	5780	0
464	612	5496	0
470	88	5344	0
485	-113	5319	0
480	136	4985	0
418	92	4657	0
358	-274	4668	0
353	-321	4766	0
297	-294	4480	0
181	-333	4164	0
112	-298	4134	0
92	-301	3962	0
8	91	3377	0
-54	-3	3406	0
-121	-564	3619	0
-171	-692	3631	0
-172	-314	3419	0
-250	-261	3110	0
-358	-589	3080	0
-371	-453	3046	0
-375	-90	2773	0
-437	-135	2725	0
-521	-366	2677	0
-597	-512	2519	0
-609	-417	2526	0
-602	-253	2618	0
-702	-11	2197	0
-719	-150	2361	0
-747	-99	2217	0
-779	33	1996	0
-752	326	2046	0
-684	628	2143	0
-633	701	2208	0
-590	646	2246	0
-556	485	2268	0
-512	426	2350	0
-453	667	2378	0
-471	855	2236	0
-531	797	2181	0
-604	630	2136	0
-702	431	1920	0
-594	750	2064	0
-418	1295	2255	0
-410	1154	2355	0
-322	1350	2440	0
-158	1663	2553	0
-62	1446	2873	0
33	1374	3277	0
84	1545	3406	0
91	1656	3506	0
50	1591	3464	0
9	1488	3166	0
139	1611	3318	0
348	2041	3685	0
419	2206	3630	0
521	2357	3881	0
672	2664	4256	0
601	2421	4181	0
361	1840	3756	0
142	1851	2920	0
228	1936	3002	0
335	1915	3204	0
430	1890	3132	0
694	2189	3404	0
935	2208	3901	0
965	1848	3972	0
1122	2077	4093	0
1319	2518	4353	0
1349	2481	4297	0
1362	2339	4309	0
1400	2310	4350	0
1372	2245	4186	0
1376	2219	4018	0
1436	2063	4183	0
1532	2048	4221	0
1668	2190	4288	0
1779	2114	4603	0
1867	2051	4848	0
1915	2210	4769	0
1986	2344	4776	0
2264	2129	5456	0
2384	2084	5783	0
2399	2118	5824	0
2349	2177	5691	0
2249	2051	5411	0
2150	1763	5219	0
2112	1514	5189	0
2126	1319	5299	0
2126	1312	5465	0
2111	1780	5213	0
1980	1852	4720	0
1904	1482	4610	0
1826	972	4650	0
1814	928	4644	0
1858	1102	4639	0
1827	935	4725	0
1843	1036	4708	0
1871	1257	4707	0
1736	1140	4403	0
1702	1009	4351	0
1599	588	4320	0
1541	568	4335	0
1512	752	4186	0
1393	416	4022	0
1391	274	4190	0
1458	568	4408	0
1462	799	4394	0
1378	855	4123	0
1324	845	4050	0
1320	796	4168	0
1191	450	3938	0
1106	219	3822	0
1156	440	3975	0
1137	371	3969	0
1073	106	4008	0
1059	122	4152	0
988	194	3886	0
861	29	3736	0
840	175	3756	0
840	459	3654	0
774	237	3738	0
736	161	3887	0
673	292	3636	0
586	267	3549	0
585	301	3798	0
558	323	3835	0
429	222	3600	0
342	159	3485	0
308	199	3488	0
270	329	3476	0
237	372	3498	0
206	434	3532	0
162	506	3456	0
144	496	3447	0
124	319	3533	0
100	265	3586	0
121	561	3592	0
126	744	3613	0
98	607	3633	0
47	404	3659	0
-27	463	3527	0
-89	730	3371	0
-220	673	3128	0
-173	751	3562	0
-223	669	3468	0
-294	571	3333	0
-254	689	3503	0
-300	707	3397	0
-338	711	3331	0
-328	816	3414	0
-359	850	3315	0
-433	813	3135	0
-375	917	3263	0
-205	1046	3708	0
-103	985	4024	0
-101	971	4013	0
-123	1010	3868	0
-186	859	3728	0
-240	818	3592	0
-206	1003	3570	0
-132	1110	3697	0
-235	849	3658	0
-257	689	3641	0
-188	795	3752	0
-115	925	4015	0
-135	877	4024	0
-73	1106	4001	0
-187	674	3953	0
-193	581	3923	0
-122	707	4122	0
-107	852	4103	0
-87	1052	4130	0
0	1230	4331	0
16	1207	4326	0
-11	1070	4226	0
-33	903	4251	0
-86	783	4125	0
-120	730	4059	0
-79	786	4221	0
-37	1022	4326	0
0	1272	4217	0
-79	1141	3964	0
-321	320	3742	0
-314	414	3661	0
-200	803	3788	0
-141	762	3957	0
-72	736	4201	0
36	945	4370	0
57	964	4355	0
-22	776	4187	0
-55	781	4100	0
-36	893	4126	0
-51	825	4115	0
-69	762	4124	0
-43	894	4142	0
-27	1039	4113	0
-76	999	4003	0
-105	794	3979	0
-79	597	4172	0
-68	567	4270	0
389	443	5507	0
343	421	5153	0
305	377	5065	0
240	265	4918	0
167	49	4686	0
78	-308	4500	0
-34	-579	4239	0
-100	-522	4033	0
-166	-344	3808	0
-263	-363	3493	0
-333	-553	3437	0
-347	-587	3413	0
-380	-506	3199	0
-434	-447	2993	0
-475	-534	2970	0
-492	-609	3032	0
-517	-401	2916	0
-576	-227	2592	0
-647	-333	2417	0
-655	-322	2440	0
-622	-128	2424	0
-654	-13	2295	0
-720	74	2037	0
-675	258	2007	0
-689	177	2076	0
-710	71	1996	0
-679	366	1847	0
-627	586	1947	0
-727	353	1739	0
-789	143	1566	0
-745	405	1520	0
-638	929	1444	0
-504	982	1706	0
-389	827	2168	0
-224	1191	2422	0
-77	1646	2549	0
-51	1755	2648	0
-52	1663	2610	0
-66	1377	2535	0
47	1417	2779	0
196	1870	2981	0
238	2210	2579	0
368	2184	2618	0
550	2001	3376	0
604	1981	3330	0
795	2199	3541	0
1044	2372	4179	0
1152	2314	4633	0
1155	2323	4841	0
1041	2456	4485	0
955	2674	4041	0
974	2892	4020	0
1004	2936	4173	0
928	2664	3955	0
874	2325	3839	0
868	2091	3802	0
936	2121	3639	0
1124	2502	3790	0
1290	2850	3875	0
1412	2818	3795	0
1690	2566	4471	0
1909	2420	5164	0
1847	2115	5046	0
1729	2073	4582	0
1804	2456	4517	0
1859	2538	4515	0
1903	2281	4605	0
1973	2208	4662	0
2023	2018	4708	0
2250	1957	5317	0
2370	2212	5516	0
2395	2256	5509	0
2293	2017	5257	0
2184	1739	4968	0
2190	1622	4957	0
2250	1552	5131	0
2262	1458	5208	0
2250	1559	5163	0
2253	1661	5031	0
2191	1237	4881	0
2087	714	4832	0
2055	818	4691	0
2079	1086	4641	0
2108	1230	4828	0
2049	1194	4724	0
1924	1002	4459	0
1862	782	4330	0
1811	567	4246	0
1780	483	4191	0
1736	291	4219	0
1795	565	4600	0
1716	591	4410	0
1634	448	4338	0
1717	698	4566	0
1724	848	4550	0
1584	502	4275	0
1461	68	4198	0
1398	175	4058	0
1360	433	3878	0
1296	319	3913	0
1277	420	3961	0
1284	526	3970	0
1275	312	4047	0
1237	139	4044	0
1212	153	4016	0
1158	165	3921	0
1121	194	3836	0
1081	200	3881	0
996	142	3781	0
930	130	3656	0
880	20	3682	0
791	-62	3584	0
735	108	3402	0
698	190	3333	0
686	204	3372	0
673	260	3472	0
594	185	3412	0
341	77	3176	0
246	217	3080	0
165	302	2998	0
162	455	3190	0
69	551	3089	0
-78	456	2923	0
-108	541	3090	0
-171	654	3129	0
-328	544	2822	0
-312	768	2885	0
-295	835	3267	0
-341	689	3279	0
-396	642	3179	0
-403	783	3183	0
-407	830	3134	0
-345	852	3393	0
-193	1204	3810	0
-210	1210	3829	0
-326	896	3622	0
-320	935	3619	0
-239	1145	3775	0
-310	1012	3674	0
-380	939	3493	0
-254	1097	3698	0
-266	706	3864	0
-269	424	4054	0
-120	865	4269	0
-119	1017	4083	0
-175	825	3932	0
-175	736	4048	0
-144	873	4099	0
-53	1081	4116	0
-126	586	4185	0
-66	757	4236	0
-89	661	4205	0
-125	594	4100	0
-98	684	4042	0
-43	694	4181	0
49	839	4344	0
53	890	4397	0
82	819	4315	0
118	857	4388	0
-34	429	4244	0
-149	220	3954	0
-128	500	3891	0
-66	736	4048	0
-84	664	4093	0
-102	538	4059	0
-72	604	4174	0
-85	597	4110	0
-164	485	3928	0
-188	495	3911	0
-145	651	3928	0
-88	722	4086	0
-80	646	4217	0
-40	796	4193	0
-159	731	3898	0
-235	572	3710	0
-173	640	3897	0
-103	761	4123	0
-121	795	4035	0
-132	808	3944	0
-94	869	4057	0
-17	741	4363	0
-42	661	4339	0
-67	760	4209	0
-106	850	4013	0
-144	755	3887	0
-134	595	3977	0
-126	546	4044	0
-126	640	3981	0
-108	859	3970	0
-97	920	3955	0
-137	647	3975	0
-183	414	3954	0
-178	482	3905	0
-147	678	3924	0
-108	700	4072	0
-85	615	4165	0
-73	609	4191	0
-64	672	4171	0
-122	665	4004	0
-150	672	3948	0
1030	1251	6964	0
841	1086	6275	0
703	930	5843	0
555	720	5490	0
363	443	4921	0
90	-76	4439	0
-136	-147	4083	0
-298	-45	3543	0
-401	-193	3416	0
-515	-624	3374	0
-646	-1037	3206	0
-696	-1022	3184	0
-677	-621	3140	0
-674	-243	2976	0
-734	-270	2812	0
-798	-527	2807	0
-807	-562	2760	0
-857	-571	2686	0
-857	-408	2592	0
-816	-289	2632	0
-813	-439	2756	0
-854	-537	2749	0
-849	-104	2566	0
-807	307	2518	0
-823	168	2562	0
-871	-36	2544	0
-872	0	2481	0
-834	121	2462	0
-841	165	2365	0
-871	151	2204	0
-901	136	2099	0
-937	167	2053	0
-967	234	1851	0
-1018	223	1689	0
-1060	299	1641	0
-1002	491	1700	0
-905	180	2176	0
-868	464	2011	0
-838	848	1884	0
-716	1209	1809	0
-596	1190	1958	0
-434	998	2261	0
-85	1227	2899	0
182	1656	3352	0
234	1890	3565	0
276	2073	3474	0
193	1876	3113	0
203	1672	3110	0
271	1808	3036	0
358	2130	3014	0
509	2331	3452	0
584	2278	3623	0
684	2264	3750	0
699	2249	3942	0
705	2462	4117	0
853	2858	4090	0
883	2675	4162	0
911	2416	4631	0
1100	2692	4915	0
1109	2884	4590	0
955	2493	4292	0
877	2192	4136	0
1025	2469	4020	0
1147	2735	4045	0
1354	2964	4385	0
1495	2917	4828	0
1480	2655	4837	0
1469	2324	4789	0
1475	2068	4911	0
1413	2114	4614	0
1327	2320	4156	0
1403	2525	4056	0
1412	2169	4232	0
1426	1884	4267	0
1536	1946	4310	0
1778	2227	4786	0
1943	2239	5222	0
1957	1960	5223	0
1967	1775	5278	0
1993	1820	5351	0
1893	1668	4991	0
1819	1404	4736	0
1757	1241	4691	0
1737	1101	4561	0
1727	942	4487	0
1750	740	4559	0
1781	523	4690	0
1868	598	5037	0
2022	952	5387	0
2063	962	5473	0
2032	790	5435	0
1956	833	5180	0
1870	970	4769	0
1753	783	4444	0
1672	330	4307	0
1529	-79	4294	0
1468	-54	4148	0
1486	70	4242	0
1541	22	4484	0
1562	-118	4635	0
1610	-152	4802	0
1597	-26	4785	0
1675	301	4841	0
1619	370	4664	0
1438	-167	4330	0
1250	-712	4288	0
1239	-504	4209	0
1181	-204	3813	0
1103	-65	3552	0
1118	46	4048	0
1213	262	4544	0
1161	159	4407	0
1014	-285	4110	0
871	-679	3857	0
795	-658	3748	0
762	-335	3643	0
753	-109	3602	0
790	6	3898	0
759	-123	4130	0
639	-111	3801	0
508	-5	3438	0
401	-10	3271	0
285	-176	3241	0
217	-343	3380	0
156	-516	3378	0
118	-113	2974	0
154	463	3041	0
162	308	3498	0
114	-100	3620	0
-16	-288	3407	0
-75	-37	3203	0
-112	294	3102	0
-173	347	3218	0
-297	117	3049	0
-355	-17	2952	0
-269	246	3212	0
-205	317	3324	0
-222	122	3598	0
-211	707	3451	0
-303	452	3448	0
-401	62	3321	0
-309	213	3536	0
-142	604	3944	0
-167	648	3905	0
-286	492	3679	0
-206	650	3856	0
-197	683	3843	0
-381	269	3438	0
-352	406	3526	0
-220	675	3786	0
-163	605	4018	0
-158	532	4158	0
-173	576	4104	0
-149	608	4146	0
-179	489	4195	0
-209	541	4010	0
-264	445	3991	0
-234	660	3951	0
-190	691	4061	0
-177	418	4257	0
-140	381	4462	0
-89	653	4497	0
-141	747	4257	0
-285	587	3969	0
-250	530	4117	0
-270	397	4051	0
-347	134	3919	0
-255	486	4049	0
-152	748	4231	0
-185	602	4376	0
-274	598	3983	0
-310	465	3956	0
-194	438	4395	0
-288	213	4218	0
-362	127	3882	0
-237	672	3992	0
-219	923	4058	0
-306	590	4023	0
-360	238	4006	0
-364	249	3953	0
-327	496	3991	0
-299	642	4063	0
-223	688	4259	0
-232	583	4260	0
-339	356	4000	0
-292	487	4054	0
-213	696	4280	0
-307	555	4124	0
-380	411	3910	0
-372	393	3937	0
-368	331	3981	0
-364	289	4012	0
-372	314	3985	0
-356	434	3915	0
-288	544	4063	0
-243	479	4231	0
-239	395	4300	0
-225	448	4301	0
-228	522	4201	0
-273	528	4088	0
376	528	5700	0
282	-83	5615	0
219	-575	5543	0
172	-485	5357	0
144	147	4966	0
164	449	4636	0
34	-105	4557	0
-21	-672	4481	0
-22	-797	4502	0
-21	-657	4404	0
-117	-765	4194	0
-214	-712	3911	0
-332	-666	3462	0
-429	-673	3138	0
-473	-499	2987	0
-504	-399	2947	0
-550	-629	2940	0
-563	-855	2992	0
-527	-704	2963	0
-509	-320	2926	0
-497	-373	3024	0
-548	-403	2933	0
-533	-240	2937	0
-548	-5	2808	0
-599	225	2643	0
-672	456	2305	0
-759	357	2087	0
-756	0	2363	0
-714	-14	2560	0
-709	354	2412	0
-672	710	2414	0
-640	911	2519	0
-690	913	2420	0
-727	789	2308	0
-753	600	2297	0
-751	669	2174	0
-832	430	1944	0
-889	240	1588	0
-737	262	1856	0
-550	455	2463	0
-455	1167	2423	0
-441	1504	2189	0
-318	900	2767	0
-154	1314	2686	0
-66	1429	2835	0
213	1781	3190	0
496	2003	3985	0
586	1581	4438	0
606	1175	4582	0
547	991	4476	0
389	1023	3782	0
341	1339	3314	0
400	1490	3188	0
576	1885	3301	0
740	2034	3698	0
768	1744	4185	0
865	1966	4296	0
948	2045	4154	0
947	1525	4506	0
825	1338	4270	0
708	1674	3653	0
716	1882	3552	0
851	2092	3538	0
925	1907	3736	0
1041	1478	3991	0
1161	1039	4232	0
1147	480	4621	0
1131	424	4503	0
1249	1197	4309	0
1439	1588	4455	0
1503	1487	4826	0
1410	1429	4325	0
1489	1660	4202	0
1739	2007	4639	0
1798	1578	4963	0
1803	940	5069	0
1874	920	5540	0
1952	1137	5514	0
1919	1216	5306	0
1872	1216	5062	0
1917	951	5131	0
1908	901	5265	0
1905	815	5429	0
1913	613	5278	0
1967	606	5429	0
2131	588	6436	0
2165	574	5933	0
1953	1020	4737	0
1845	872	4689	0
1759	20	5140	0
1966	-78	5659	0
1994	91	5945	0
1818	-148	5401	0
1679	28	5015	0
1657	149	4773	0
1714	571	4457	0
1477	708	3948	0
1378	-344	4176	0
1404	-1215	4877	0
1533	-988	4968	0
1623	-343	4753	0
1614	-240	4551	0
1513	-847	4553	0
1457	-1274	4679	0
1413	-1360	4622	0
1407	-1080	4397	0
1395	-865	4342	0
1399	-801	4361	0
1314	-1019	4316	0
1233	-1304	4475	0
1117	-1374	4204	0
996	-1518	3884	0
890	-1208	3496	0
827	-927	3390	0
849	-1170	3815	0
918	-1557	4344	0
845	-1609	4440	0
798	-1240	4228	0
793	-898	4049	0
716	-1025	3974	0
670	-1149	4057	0
679	-1156	4012	0
622	-1201	3932	0
541	-1129	3796	0
459	-1042	3648	0
409	-1158	3642	0
418	-1202	3796	0
470	-1427	3987	0
362	-1699	3846	0
358	-1228	3814	0
321	-884	3588	0
206	-1001	3484	0
276	-726	3825	0
218	-897	3695	0
41	-1360	3554	0
30	-1094	3578	0
-74	-825	3242	0
-221	-846	3143	0
-303	-910	3294	0
-358	-823	3220	0
-411	-641	2991	0
-490	-732	2983	0
-494	-926	3466	0
-397	-728	3766	0
-533	-1084	4614	0
-618	-1757	3696	0
-270	-479	3448	0
-530	594	2596	0
-690	401	2921	0
-734	-181	3142	0
-665	-616	3558	0
-655	-647	3600	0
-754	-402	3173	0
-844	-273	2947	0
-817	-205	3083	0
-800	-224	3309	0
-781	-206	3449	0
-746	-289	3658	0
-732	-459	3831	0
-751	-449	3731	0
-736	-53	3596	0
-782	189	3388	0
-807	80	3402	0
-887	-361	3456	0
-907	-632	3616	0
-821	-368	3851	0
-690	115	4068	0
-718	121	3923	0
-793	-390	3771	0
-781	-681	3990	0
-693	-572	4148	0
-644	-343	4196	0
-564	-3	4340	0
-554	63	4254	0
-593	-349	4143	0
-606	-784	4084	0
-663	-974	3974	0
-553	-752	4237	0
-460	-532	4375	0
-532	-617	4168	0
-501	-575	4085	0
-552	-715	3895	0
-592	-921	3877	0
-547	-978	4046	0
-487	-760	4150	0
-390	-369	4382	0
-337	-99	4530	0
-430	-349	4425	0
-485	-714	4242	0
-518	-846	4154	0
-536	-836	4124	0
-555	-697	3957	0
-584	-590	3807	0
-572	-569	3831	0
-574	-581	3912	0
-568	-598	3864	0
-554	-686	4019	0
-486	-764	4288	0
-483	-757	4321	0
-497	-572	4159	0
408	-141	6007	0
387	-270	5795	0
314	-479	5373	0
308	-501	5198	0
327	-687	4698	0
-20	-1804	4339	0
-223	-2073	3757	0
-240	-1564	3583	0
-187	-1129	3781	0
-177	-1063	3814	0
-224	-1360	3850	0
-317	-1652	3888	0
-358	-1563	3903	0
-359	-1361	3724	0
-540	-1484	3541	0
-606	-1485	3261	0
-698	-894	2726	0
-722	-539	2729	0
-824	-677	2697	0
-892	-856	2577	0
-891	-1068	2732	0
-892	-1258	2879	0
-945	-953	2715	0
-941	-438	2537	0
-996	-386	2304	0
-1038	-521	2237	0
-1015	-576	2348	0
-1023	-556	2231	0
-1149	-299	1890	0
-1178	-99	1733	0
-1154	84	1753	0
-1138	110	1742	0
-1155	-15	1676	0
-1134	0	1783	0
-1062	315	1836	0
-1009	627	1848	0
-965	623	1964	0
-910	510	2029	0
-853	439	2162	0
-816	496	2347	0
-765	819	2235	0
-633	1352	2013	0
-392	1630	2284	0
-189	1449	3020	0
-94	1425	3334	0
30	1793	3479	0
199	2235	3691	0
254	2251	3803	0
252	1704	4077	0
374	1546	4823	0
384	1876	4645	0
368	2370	4190	0
482	2649	4357	0
507	2210	4708	0
360	1814	4379	0
360	1948	4228	0
340	1886	4052	0
463	1787	4170	0
463	1787	4170	0
619	1562	4565	0
714	1298	4925	0
805	1696	4743	0
877	2055	4616	0
980	2090	4785	0
1017	1876	4961	0
1028	1763	4744	0
1065	1751	4671	0
1089	1542	4688	0
1077	1388	4657	0
1159	1480	4682	0
1247	1552	4820	0
1243	1500	4792	0
1273	1421	4775	0
1348	1267	5148	0
1473	1321	5543	0
1532	1677	5551	0
1499	1805	5315	0
1477	1738	5248	0
1473	1502	5285	0
1433	1166	5321	0
1425	1052	5404	0
1417	1134	5375	0
1370	1282	5097	0
1358	1329	4901	0
1356	1058	4903	0
1377	681	5099	0
1430	667	5239	0
1456	908	5085	0
1420	827	4782	0
1370	584	4618	0
1346	499	4410	0
1293	260	4184	0
1244	-101	4244	0
1296	-54	4402	0
1364	257	4426	0
1383	446	4612	0
1385	570	4569	0
1355	602	4462	0
1345	392	4585	0
1374	79	4752	0
1378	-215	4882	0
1292	-234	4706	0
1231	76	4242	0
1224	145	4212	0
1244	43	4527	0
1233	11	4624	0
1205	55	4589	0
1167	78	4433	0
1054	-97	4130	0
1007	-179	4168	0
994	2	4218	0
960	190	4058	0
901	11	4082	0
820	-167	4036	0
776	-253	3953	0
738	-415	4141	0
684	-240	4298	0
667	358	4039	0
637	620	3919	0
500	260	3782	0
348	-304	3523	0
329	-636	3732	0
346	-485	3899	0
350	38	3760	0
332	294	3743	0
262	184	3764	0
201	62	3601	0
128	-150	3514	0
50	-227	3466	0
25	-33	3417	0
22	58	3417	0
-53	-184	3350	0
-82	-282	3415	0
-47	-76	3545	0
-12	176	3632	0
-13	210	3717	0
-74	83	3642	0
-131	98	3550	0
-176	49	3491	0
-278	-117	3351	0
-273	108	3466	0
-253	453	3390	0
-350	227	3277	0
-387	1	3466	0
-362	164	3581	0
-344	346	3551	0
-364	390	3562	0
-399	343	3523	0
-376	347	3582	0
-287	467	3830	0
-406	527	3603	0
-407	580	3595	0
-364	494	3771	0
-430	112	3747	0
-473	-25	3636	0
-386	383	3752	0
-351	762	3807	0
-384	704	3710	0
-381	399	3852	0
-369	164	3994	0
-374	150	3936	0
-353	245	3941	0
-408	149	3856	0
-405	167	3818	0
-290	470	4018	0
-237	593	4128	0
-268	525	4155	0
-222	543	4271	0
-219	479	4330	0
-325	180	4168	0
-306	334	4159	0
-295	509	4097	0
-322	383	4125	0
-387	161	4021	0
-281	514	4199	0
-358	306	4024	0
-328	348	4031	0
-312	405	4081	0
-359	297	4046	0
-375	203	3924	0
-326	162	4061	0
-251	281	4202	0
-260	290	4163	0
-278	352	4149	0
-290	488	4045	0
-323	365	3937	0
-349	159	3949	0
-325	112	4043	0
-253	226	4311	0
-179	490	4472	0
-129	611	4367	0
-278	175	4053	0
-401	-199	3890	0
-345	54	3907	0
-265	312	4027	0
-275	123	4150	0
-211	224	4241	0
-197	326	4213	0
-231	331	4117	0
-224	335	4116	0
149	-198	4644	0
160	-278	4723	0
150	-312	4762	0
144	-339	4725	0
129	-250	4674	0
92	-90	4439	0
59	-21	4269	0
102	-154	4427	0
136	-533	4552	0
138	-757	4407	0
100	-464	4374	0
34	-368	4052	0
-13	-611	4077	0
-5	-888	4326	0
-44	-833	4183	0
-213	-618	3650	0
-246	-555	3446	0
-289	-758	3437	0
-319	-1033	3554	0
-333	-1208	3863	0
-341	-1058	3972	0
-405	-726	3639	0
-483	-500	3391	0
-593	-658	3216	0
-726	-741	2981	0
-773	-650	2788	0
-810	-729	2864	0
-891	-957	2884	0
-981	-951	2731	0
-969	-596	2648	0
-984	-382	2733	0
-1033	-312	2692	0
-1071	-293	2620	0
-1061	-201	2695	0
-1046	-75	2726	0
-1017	-27	2785	0
-1012	36	2699	0
-1039	110	2544	0
-1054	155	2475	0
-1033	158	2528	0
-1041	210	2496	0
-1091	422	2357	0
-1059	606	2432	0
-1123	176	2392	0
-1159	221	2234	0
-1170	492	1933	0
-1158	691	1820	0
-998	864	2146	0
-838	800	2684	0
-751	829	2828	0
-676	1128	2906	0
-676	1128	2906	0
-550	1383	3384	0
-407	1522	3702	0
-414	1374	3596	0
-488	1083	3304	0
-398	1264	3351	0
-236	1640	3685	0
-277	1599	3451	0
-302	1516	3272	0
-236	1548	3474	0
-195	1734	3475	0
-185	1860	3574	0
-200	1950	3760	0
-214	1916	3685	0
-61	2007	3893	0
9	1704	4085	0
58	1094	4429	0
86	703	5483	0
-95	658	4337	0
867	3589	5583	0
232	2658	4081	0
271	2305	3426	0
595	2452	3922	0
321	2158	4064	0
81	1450	3456	0
192	1175	3518	0
351	1502	3582	0
544	1935	3535	0
624	1825	3463	0
732	1542	3760	0
912	1402	4244	0
1135	1674	4840	0
1304	2214	5068	0
1351	2206	4955	0
1422	1977	5218	0
1588	2074	5708	0
1691	2143	5852	0
1745	2081	5744	0
1688	1748	5460	0
1608	1252	5137	0
1601	1031	5148	0
1666	1122	5285	0
1722	1184	5462	0
1739	1093	5631	0
1727	1069	5609	0
1778	1239	5736	0
1833	1410	5708	0
1774	1203	5347	0
1677	753	5083	0
1610	493	4934	0
1531	206	4767	0
1473	36	4805	0
1474	323	4738	0
1377	565	4449	0
1329	524	4443	0
1437	601	4657	0
1388	424	4661	0
1298	197	4408	0
1272	221	4308	0
1205	-106	4250	0
1170	-555	4285	0
1140	-490	4463	0
1304	403	4615	0
1315	825	4504	0
1191	92	4520	0
1132	-41	4275	0
1025	-161	4125	0
1006	-144	4230	0
1004	-167	4257	0
1005	-134	4271	0
926	-198	4188	0
848	-277	4144	0
787	50	3992	0
676	145	3689	0
566	-231	3625	0
506	-360	3663	0
407	-280	3434	0
309	-234	3312	0
291	-250	3415	0
250	-293	3442	0
231	-231	3481	0
190	-291	3549	0
192	-120	3738	0
187	110	3795	0
55	-40	3544	0
-7	-268	3537	0
-27	-201	3511	0
-104	85	3254	0
-167	143	3201	0
-227	-101	3329	0
-316	-413	3243	0
-343	-432	3230	0
-310	-210	3339	0
-304	90	3351	0
-241	294	3502	0
-295	112	3556	0
-287	104	3674	0
-327	-13	3567	0
-429	-238	3403	0
-438	48	3335	0
-280	316	3762	0
-231	417	3952	0
-312	404	3838	0
-332	322	3840	0
-347	231	3837	0
-320	108	3937	0
-312	-33	4099	0
-345	141	3962	0
-339	415	3811	0
-303	326	3966	0
-306	78	4049	0
-298	58	4033	0
-331	124	4107	0
-232	364	4299	0
-231	289	4301	0
-313	-28	4215	0
-328	5	4120	0
-387	20	3848	0
-373	-67	3901	0
-308	-39	4077	0
-261	-51	4183	0
-193	30	4408	0
-130	280	4433	0
-124	272	4331	0
-154	15	4322	0
-207	-56	4248	0
-167	129	4218	0
-126	48	4341	0
-164	-99	4251	0
-181	-14	4130	0
-201	76	4035	0
-247	-67	3994	0
-260	-216	4066	0
-221	-141	4152	0
-202	-18	4159	0
-162	122	4209	0
-137	125	4273	0
-171	65	4208	0
-194	-26	4110	0
-182	-47	4153	0
-197	15	4138	0
-197	109	4139	0
-199	197	4128	0
-251	179	3939	0
-266	129	3941	0
-263	100	3984	0
-328	-55	3923	0
-334	-64	3930	0
-273	33	4047	0